company_id,type,rule_id,text,confidence_pct
ABB,con,FALLBACK_CON,Available financial data did not trigger a specific predefined negative rule; company remains covered for further financial review,61
ABB,pro,PRO_07,Very high interest coverage ratio reflects negligible financial stress from debt servicing,100
ABB,pro,PRO_11,Revenue growing slower than profits shows improving operating leverage and scale benefits,94
ABB,pro,PRO_09,Earnings per share growing above 15% CAGR indicates strong earnings quality and compounding,81
ABB,pro,PRO_06,Net profit compounding at above 20% over 5 years creates significant shareholder value,68
ADANIENSOL,con,CON_11,Net debt exceeding 3 times EBITDA is a high leverage ratio and limits financial flexibility,86
ADANIENSOL,con,CON_01,Debt-to-equity ratio of 2.93 is elevated for a non-financial company and warrants monitoring,77
ADANIENSOL,pro,PRO_05,Operating profit margin above 25% indicates strong pricing power and cost discipline,78
ADANIENSOL,pro,PRO_04,Revenue growing at above 15% CAGR over 5 years reflects strong business momentum,72
ADANIENT,con,CON_11,Net debt exceeding 3 times EBITDA is a high leverage ratio and limits financial flexibility,81
ADANIENT,pro,PRO_06,Net profit compounding at above 20% over 5 years creates significant shareholder value,100
ADANIENT,pro,PRO_09,Earnings per share growing above 15% CAGR indicates strong earnings quality and compounding,100
ADANIENT,pro,PRO_11,Revenue growing slower than profits shows improving operating leverage and scale benefits,100
ADANIENT,pro,PRO_04,Revenue growing at above 15% CAGR over 5 years reflects strong business momentum,74
ADANIGREEN,con,CON_01,Debt-to-equity ratio of 6.60 is elevated for a non-financial company and warrants monitoring,100
ADANIGREEN,con,CON_11,Net debt exceeding 3 times EBITDA is a high leverage ratio and limits financial flexibility,95
ADANIGREEN,con,CON_10,Return on capital employed below 10% suggests the business is not generating sufficient returns on invested capital,81
ADANIGREEN,pro,PRO_04,Revenue growing at above 15% CAGR over 5 years reflects strong business momentum,100
ADANIGREEN,pro,PRO_05,Operating profit margin above 25% indicates strong pricing power and cost discipline,100
ADANIPORTS,con,FALLBACK_CON,Available financial data did not trigger a specific predefined negative rule; company remains covered for further financial review,61
ADANIPORTS,pro,PRO_05,Operating profit margin above 25% indicates strong pricing power and cost discipline,100
ADANIPORTS,pro,PRO_04,Revenue growing at above 15% CAGR over 5 years reflects strong business momentum,76
ADANIPOWER,con,FALLBACK_CON,Available financial data did not trigger a specific predefined negative rule; company remains covered for further financial review,61
ADANIPOWER,pro,PRO_05,Operating profit margin above 25% indicates strong pricing power and cost discipline,81
ADANIPOWER,pro,PRO_04,Revenue growing at above 15% CAGR over 5 years reflects strong business momentum,68
AMBUJACEM,con,CON_12,Revenue growing at below 5% over 5 years lags inflation and suggests limited business momentum,84
AMBUJACEM,pro,PRO_07,Very high interest coverage ratio reflects negligible financial stress from debt servicing,100
AMBUJACEM,pro,PRO_11,Revenue growing slower than profits shows improving operating leverage and scale benefits,84
APOLLOHOSP,con,FALLBACK_CON,Available financial data did not trigger a specific predefined negative rule; company remains covered for further financial review,61
APOLLOHOSP,pro,PRO_09,Earnings per share growing above 15% CAGR indicates strong earnings quality and compounding,100
APOLLOHOSP,pro,PRO_11,Revenue growing slower than profits shows improving operating leverage and scale benefits,100
APOLLOHOSP,pro,PRO_06,Net profit compounding at above 20% over 5 years creates significant shareholder value,93
ASIANPAINT,con,FALLBACK_CON,Available financial data did not trigger a specific predefined negative rule; company remains covered for further financial review,61
ASIANPAINT,pro,PRO_07,Very high interest coverage ratio reflects negligible financial stress from debt servicing,100
ASIANPAINT,pro,PRO_11,Revenue growing slower than profits shows improving operating leverage and scale benefits,84
ASIANPAINT,pro,PRO_09,Earnings per share growing above 15% CAGR indicates strong earnings quality and compounding,79
ASIANPAINT,pro,PRO_06,Net profit compounding at above 20% over 5 years creates significant shareholder value,65
ATGL,con,FALLBACK_CON,Available financial data did not trigger a specific predefined negative rule; company remains covered for further financial review,61
ATGL,pro,PRO_09,Earnings per share growing above 15% CAGR indicates strong earnings quality and compounding,87
ATGL,pro,PRO_04,Revenue growing at above 15% CAGR over 5 years reflects strong business momentum,79
ATGL,pro,PRO_11,Revenue growing slower than profits shows improving operating leverage and scale benefits,76
ATGL,pro,PRO_06,Net profit compounding at above 20% over 5 years creates significant shareholder value,72
ATGL,pro,PRO_07,Very high interest coverage ratio reflects negligible financial stress from debt servicing,67
AXISBANK,con,CON_01,Debt-to-equity ratio of 8.25 is elevated for a non-financial company and warrants monitoring,100
AXISBANK,con,CON_10,Return on capital employed below 10% suggests the business is not generating sufficient returns on invested capital,100
AXISBANK,con,CON_11,Net debt exceeding 3 times EBITDA is a high leverage ratio and limits financial flexibility,100
AXISBANK,pro,PRO_09,Earnings per share growing above 15% CAGR indicates strong earnings quality and compounding,100
AXISBANK,pro,PRO_11,Revenue growing slower than profits shows improving operating leverage and scale benefits,100
AXISBANK,pro,PRO_06,Net profit compounding at above 20% over 5 years creates significant shareholder value,99
AXISBANK,pro,PRO_05,Operating profit margin above 25% indicates strong pricing power and cost discipline,79
BAJAJ-AUTO,con,FALLBACK_CON,Available financial data did not trigger a specific predefined negative rule; company remains covered for further financial review,61
BAJAJ-AUTO,pro,PRO_07,Very high interest coverage ratio reflects negligible financial stress from debt servicing,100
BAJAJ-AUTO,pro,PRO_11,Revenue growing slower than profits shows improving operating leverage and scale benefits,72
BAJAJFINSV,con,CON_01,Debt-to-equity ratio of 4.79 is elevated for a non-financial company and warrants monitoring,92
BAJAJFINSV,pro,PRO_05,Operating profit margin above 25% indicates strong pricing power and cost discipline,82
BAJAJFINSV,pro,PRO_04,Revenue growing at above 15% CAGR over 5 years reflects strong business momentum,79
BAJAJFINSV,pro,PRO_09,Earnings per share growing above 15% CAGR indicates strong earnings quality and compounding,78
BAJAJFINSV,pro,PRO_11,Revenue growing slower than profits shows improving operating leverage and scale benefits,76
BAJAJFINSV,pro,PRO_06,Net profit compounding at above 20% over 5 years creates significant shareholder value,72
BAJAJHLDNG,con,CON_10,Return on capital employed below 10% suggests the business is not generating sufficient returns on invested capital,100
BAJAJHLDNG,pro,PRO_04,Revenue growing at above 15% CAGR over 5 years reflects strong business momentum,100
BAJAJHLDNG,pro,PRO_05,Operating profit margin above 25% indicates strong pricing power and cost discipline,100
BAJAJHLDNG,pro,PRO_07,Very high interest coverage ratio reflects negligible financial stress from debt servicing,100
BAJAJHLDNG,pro,PRO_09,Earnings per share growing above 15% CAGR indicates strong earnings quality and compounding,74
BAJFINANCE,con,CON_11,Net debt exceeding 3 times EBITDA is a high leverage ratio and limits financial flexibility,100
BAJFINANCE,con,CON_10,Return on capital employed below 10% suggests the business is not generating sufficient returns on invested capital,97
BAJFINANCE,con,CON_01,Debt-to-equity ratio of 3.82 is elevated for a non-financial company and warrants monitoring,85
BAJFINANCE,pro,PRO_07,Very high interest coverage ratio reflects negligible financial stress from debt servicing,100
BAJFINANCE,pro,PRO_09,Earnings per share growing above 15% CAGR indicates strong earnings quality and compounding,94
BAJFINANCE,pro,PRO_04,Revenue growing at above 15% CAGR over 5 years reflects strong business momentum,87
BAJFINANCE,pro,PRO_06,Net profit compounding at above 20% over 5 years creates significant shareholder value,81
BAJFINANCE,pro,PRO_11,Revenue growing slower than profits shows improving operating leverage and scale benefits,80
BAJFINANCE,pro,PRO_05,Operating profit margin above 25% indicates strong pricing power and cost discipline,71
BANKBARODA,con,CON_01,Debt-to-equity ratio of 12.14 is elevated for a non-financial company and warrants monitoring,100
BANKBARODA,con,CON_10,Return on capital employed below 10% suggests the business is not generating sufficient returns on invested capital,100
BANKBARODA,con,CON_11,Net debt exceeding 3 times EBITDA is a high leverage ratio and limits financial flexibility,100
BANKBARODA,pro,PRO_06,Net profit compounding at above 20% over 5 years creates significant shareholder value,100
BANKBARODA,pro,PRO_09,Earnings per share growing above 15% CAGR indicates strong earnings quality and compounding,100
BANKBARODA,pro,PRO_11,Revenue growing slower than profits shows improving operating leverage and scale benefits,100
BANKBARODA,pro,PRO_05,Operating profit margin above 25% indicates strong pricing power and cost discipline,82
BANKBARODA,pro,PRO_04,Revenue growing at above 15% CAGR over 5 years reflects strong business momentum,71
BEL,con,FALLBACK_CON,Available financial data did not trigger a specific predefined negative rule; company remains covered for further financial review,61
BEL,pro,PRO_07,Very high interest coverage ratio reflects negligible financial stress from debt servicing,100
BEL,pro,PRO_11,Revenue growing slower than profits shows improving operating leverage and scale benefits,81
BHARTIARTL,con,CON_01,Debt-to-equity ratio of 2.61 is elevated for a non-financial company and warrants monitoring,75
BHARTIARTL,pro,PRO_05,Operating profit margin above 25% indicates strong pricing power and cost discipline,100
BHARTIARTL,pro,PRO_09,Earnings per share growing above 15% CAGR indicates strong earnings quality and compounding,100
BHARTIARTL,pro,PRO_11,Revenue growing slower than profits shows improving operating leverage and scale benefits,100
BHARTIARTL,pro,PRO_06,Net profit compounding at above 20% over 5 years creates significant shareholder value,97
BHEL,con,CON_10,Return on capital employed below 10% suggests the business is not generating sufficient returns on invested capital,100
BHEL,con,CON_12,Revenue growing at below 5% over 5 years lags inflation and suggests limited business momentum,100
BHEL,con,CON_11,Net debt exceeding 3 times EBITDA is a high leverage ratio and limits financial flexibility,98
BHEL,pro,FALLBACK_PRO,Available financial data did not trigger a specific predefined positive rule; company remains covered for further financial review,61
BOSCHLTD,con,FALLBACK_CON,Available financial data did not trigger a specific predefined negative rule; company remains covered for further financial review,61
BOSCHLTD,pro,PRO_07,Very high interest coverage ratio reflects negligible financial stress from debt servicing,100
BOSCHLTD,pro,PRO_11,Revenue growing slower than profits shows improving operating leverage and scale benefits,75
BPCL,con,FALLBACK_CON,Available financial data did not trigger a specific predefined negative rule; company remains covered for further financial review,61
BPCL,pro,PRO_11,Revenue growing slower than profits shows improving operating leverage and scale benefits,100
BPCL,pro,PRO_09,Earnings per share growing above 15% CAGR indicates strong earnings quality and compounding,95
BPCL,pro,PRO_06,Net profit compounding at above 20% over 5 years creates significant shareholder value,75
BPCL,pro,PRO_07,Very high interest coverage ratio reflects negligible financial stress from debt servicing,70
BRITANNIA,con,FALLBACK_CON,Available financial data did not trigger a specific predefined negative rule; company remains covered for further financial review,61
BRITANNIA,pro,PRO_07,Very high interest coverage ratio reflects negligible financial stress from debt servicing,100
BRITANNIA,pro,PRO_11,Revenue growing slower than profits shows improving operating leverage and scale benefits,79
CANBK,con,CON_01,Debt-to-equity ratio of 14.87 is elevated for a non-financial company and warrants monitoring,100
CANBK,con,CON_10,Return on capital employed below 10% suggests the business is not generating sufficient returns on invested capital,100
CANBK,con,CON_11,Net debt exceeding 3 times EBITDA is a high leverage ratio and limits financial flexibility,100
CANBK,pro,PRO_06,Net profit compounding at above 20% over 5 years creates significant shareholder value,100
CANBK,pro,PRO_09,Earnings per share growing above 15% CAGR indicates strong earnings quality and compounding,100
CANBK,pro,PRO_11,Revenue growing slower than profits shows improving operating leverage and scale benefits,100
CANBK,pro,PRO_05,Operating profit margin above 25% indicates strong pricing power and cost discipline,88
CANBK,pro,PRO_04,Revenue growing at above 15% CAGR over 5 years reflects strong business momentum,72
CHOLAFIN,con,CON_01,Debt-to-equity ratio of 6.86 is elevated for a non-financial company and warrants monitoring,100
CHOLAFIN,con,CON_10,Return on capital employed below 10% suggests the business is not generating sufficient returns on invested capital,100
CHOLAFIN,con,CON_11,Net debt exceeding 3 times EBITDA is a high leverage ratio and limits financial flexibility,100
CHOLAFIN,pro,PRO_07,Very high interest coverage ratio reflects negligible financial stress from debt servicing,100
CHOLAFIN,pro,PRO_09,Earnings per share growing above 15% CAGR indicates strong earnings quality and compounding,82
CHOLAFIN,pro,PRO_04,Revenue growing at above 15% CAGR over 5 years reflects strong business momentum,81
CHOLAFIN,pro,PRO_11,Revenue growing slower than profits shows improving operating leverage and scale benefits,73
CHOLAFIN,pro,PRO_06,Net profit compounding at above 20% over 5 years creates significant shareholder value,71
CHOLAFIN,pro,PRO_05,Operating profit margin above 25% indicates strong pricing power and cost discipline,69
CIPLA,con,FALLBACK_CON,Available financial data did not trigger a specific predefined negative rule; company remains covered for further financial review,61
CIPLA,pro,PRO_05,Operating profit margin above 25% indicates strong pricing power and cost discipline,100
CIPLA,pro,PRO_07,Very high interest coverage ratio reflects negligible financial stress from debt servicing,100
CIPLA,pro,PRO_11,Revenue growing slower than profits shows improving operating leverage and scale benefits,96
CIPLA,pro,PRO_09,Earnings per share growing above 15% CAGR indicates strong earnings quality and compounding,81
CIPLA,pro,PRO_06,Net profit compounding at above 20% over 5 years creates significant shareholder value,70
COALINDIA,con,FALLBACK_CON,Available financial data did not trigger a specific predefined negative rule; company remains covered for further financial review,61
COALINDIA,pro,PRO_05,Operating profit margin above 25% indicates strong pricing power and cost discipline,100
COALINDIA,pro,PRO_11,Revenue growing slower than profits shows improving operating leverage and scale benefits,88
COALINDIA,pro,PRO_07,Very high interest coverage ratio reflects negligible financial stress from debt servicing,69
COALINDIA,pro,PRO_09,Earnings per share growing above 15% CAGR indicates strong earnings quality and compounding,69
DABUR,con,FALLBACK_CON,Available financial data did not trigger a specific predefined negative rule; company remains covered for further financial review,61
DABUR,pro,PRO_07,Very high interest coverage ratio reflects negligible financial stress from debt servicing,100
DIVISLAB,con,FALLBACK_CON,Available financial data did not trigger a specific predefined negative rule; company remains covered for further financial review,61
DIVISLAB,pro,PRO_07,Very high interest coverage ratio reflects negligible financial stress from debt servicing,100
DIVISLAB,pro,PRO_05,Operating profit margin above 25% indicates strong pricing power and cost discipline,69
DLF,con,CON_12,Revenue growing at below 5% over 5 years lags inflation and suggests limited business momentum,100
DLF,con,CON_10,Return on capital employed below 10% suggests the business is not generating sufficient returns on invested capital,96
DLF,pro,PRO_11,Revenue growing slower than profits shows improving operating leverage and scale benefits,100
DLF,pro,PRO_05,Operating profit margin above 25% indicates strong pricing power and cost discipline,76
DMART,con,FALLBACK_CON,Available financial data did not trigger a specific predefined negative rule; company remains covered for further financial review,61
DMART,pro,PRO_07,Very high interest coverage ratio reflects negligible financial stress from debt servicing,100
DMART,pro,PRO_09,Earnings per share growing above 15% CAGR indicates strong earnings quality and compounding,83
DMART,pro,PRO_04,Revenue growing at above 15% CAGR over 5 years reflects strong business momentum,78
DMART,pro,PRO_11,Revenue growing slower than profits shows improving operating leverage and scale benefits,75
DMART,pro,PRO_06,Net profit compounding at above 20% over 5 years creates significant shareholder value,70
DRREDDY,con,FALLBACK_CON,Available financial data did not trigger a specific predefined negative rule; company remains covered for further financial review,61
DRREDDY,pro,PRO_07,Very high interest coverage ratio reflects negligible financial stress from debt servicing,100
DRREDDY,pro,PRO_11,Revenue growing slower than profits shows improving operating leverage and scale benefits,92
DRREDDY,pro,PRO_09,Earnings per share growing above 15% CAGR indicates strong earnings quality and compounding,86
DRREDDY,pro,PRO_06,Net profit compounding at above 20% over 5 years creates significant shareholder value,71
DRREDDY,pro,PRO_05,Operating profit margin above 25% indicates strong pricing power and cost discipline,70
EICHERMOT,con,FALLBACK_CON,Available financial data did not trigger a specific predefined negative rule; company remains covered for further financial review,61
EICHERMOT,pro,PRO_07,Very high interest coverage ratio reflects negligible financial stress from debt servicing,100
EICHERMOT,pro,PRO_11,Revenue growing slower than profits shows improving operating leverage and scale benefits,73
EICHERMOT,pro,PRO_05,Operating profit margin above 25% indicates strong pricing power and cost discipline,67
GAIL,con,FALLBACK_CON,Available financial data did not trigger a specific predefined negative rule; company remains covered for further financial review,61
GAIL,pro,PRO_07,Very high interest coverage ratio reflects negligible financial stress from debt servicing,100
GODREJCP,con,CON_04,Company reported a net loss in the most recent financial year,95
GODREJCP,pro,FALLBACK_PRO,Available financial data did not trigger a specific predefined positive rule; company remains covered for further financial review,61
GRASIM,con,FALLBACK_CON,Available financial data did not trigger a specific predefined negative rule; company remains covered for further financial review,61
GRASIM,pro,PRO_11,Revenue growing slower than profits shows improving operating leverage and scale benefits,100
GRASIM,pro,PRO_09,Earnings per share growing above 15% CAGR indicates strong earnings quality and compounding,95
GRASIM,pro,PRO_06,Net profit compounding at above 20% over 5 years creates significant shareholder value,81
HAL,con,FALLBACK_CON,Available financial data did not trigger a specific predefined negative rule; company remains covered for further financial review,61
HAL,pro,PRO_07,Very high interest coverage ratio reflects negligible financial stress from debt servicing,100
HAL,pro,PRO_11,Revenue growing slower than profits shows improving operating leverage and scale benefits,100
HAL,pro,PRO_09,Earnings per share growing above 15% CAGR indicates strong earnings quality and compounding,92
HAL,pro,PRO_06,Net profit compounding at above 20% over 5 years creates significant shareholder value,76
HAL,pro,PRO_05,Operating profit margin above 25% indicates strong pricing power and cost discipline,75
HAVELLS,con,FALLBACK_CON,Available financial data did not trigger a specific predefined negative rule; company remains covered for further financial review,61
HAVELLS,pro,PRO_07,Very high interest coverage ratio reflects negligible financial stress from debt servicing,100
HCLTECH,con,FALLBACK_CON,Available financial data did not trigger a specific predefined negative rule; company remains covered for further financial review,61
HCLTECH,pro,PRO_07,Very high interest coverage ratio reflects negligible financial stress from debt servicing,100
HDFCBANK,con,CON_01,Debt-to-equity ratio of 6.81 is elevated for a non-financial company and warrants monitoring,100
HDFCBANK,con,CON_11,Net debt exceeding 3 times EBITDA is a high leverage ratio and limits financial flexibility,100
HDFCBANK,con,CON_10,Return on capital employed below 10% suggests the business is not generating sufficient returns on invested capital,95
HDFCBANK,con,CON_06,Interest coverage ratio below 1.5x indicates the company is at risk of not meeting its debt obligations,81
HDFCBANK,pro,PRO_05,Operating profit margin above 25% indicates strong pricing power and cost discipline,100
HDFCBANK,pro,PRO_04,Revenue growing at above 15% CAGR over 5 years reflects strong business momentum,81
HDFCBANK,pro,PRO_11,Revenue growing slower than profits shows improving operating leverage and scale benefits,74
HDFCBANK,pro,PRO_06,Net profit compounding at above 20% over 5 years creates significant shareholder value,72
HDFCBANK,pro,PRO_09,Earnings per share growing above 15% CAGR indicates strong earnings quality and compounding,66
HDFCLIFE,con,FALLBACK_CON,Available financial data did not trigger a specific predefined negative rule; company remains covered for further financial review,61
HDFCLIFE,pro,PRO_05,Operating profit margin above 25% indicates strong pricing power and cost discipline,100
HDFCLIFE,pro,PRO_07,Very high interest coverage ratio reflects negligible financial stress from debt servicing,100
HDFCLIFE,pro,PRO_04,Revenue growing at above 15% CAGR over 5 years reflects strong business momentum,79
HEROMOTOCO,con,CON_12,Revenue growing at below 5% over 5 years lags inflation and suggests limited business momentum,91
HEROMOTOCO,pro,PRO_05,Operating profit margin above 25% indicates strong pricing power and cost discipline,100
HEROMOTOCO,pro,PRO_07,Very high interest coverage ratio reflects negligible financial stress from debt servicing,100
HINDALCO,con,FALLBACK_CON,Available financial data did not trigger a specific predefined negative rule; company remains covered for further financial review,61
HINDALCO,pro,PRO_05,Operating profit margin above 25% indicates strong pricing power and cost discipline,100
HINDALCO,pro,PRO_07,Very high interest coverage ratio reflects negligible financial stress from debt servicing,100
HINDALCO,pro,PRO_11,Revenue growing slower than profits shows improving operating leverage and scale benefits,75
HINDUNILVR,con,FALLBACK_CON,Available financial data did not trigger a specific predefined negative rule; company remains covered for further financial review,61
HINDUNILVR,pro,PRO_05,Operating profit margin above 25% indicates strong pricing power and cost discipline,100
HINDUNILVR,pro,PRO_07,Very high interest coverage ratio reflects negligible financial stress from debt servicing,100
HINDUNILVR,pro,PRO_11,Revenue growing slower than profits shows improving operating leverage and scale benefits,73
ICICIBANK,con,CON_01,Debt-to-equity ratio of 6.45 is elevated for a non-financial company and warrants monitoring,100
ICICIBANK,con,CON_11,Net debt exceeding 3 times EBITDA is a high leverage ratio and limits financial flexibility,98
ICICIBANK,con,CON_10,Return on capital employed below 10% suggests the business is not generating sufficient returns on invested capital,94
ICICIBANK,con,CON_06,Interest coverage ratio below 1.5x indicates the company is at risk of not meeting its debt obligations,83
ICICIBANK,pro,PRO_05,Operating profit margin above 25% indicates strong pricing power and cost discipline,100
ICICIBANK,pro,PRO_06,Net profit compounding at above 20% over 5 years creates significant shareholder value,100
ICICIBANK,pro,PRO_09,Earnings per share growing above 15% CAGR indicates strong earnings quality and compounding,100
ICICIBANK,pro,PRO_11,Revenue growing slower than profits shows improving operating leverage and scale benefits,100
ICICIBANK,pro,PRO_04,Revenue growing at above 15% CAGR over 5 years reflects strong business momentum,70
ICICIGI,con,FALLBACK_CON,Available financial data did not trigger a specific predefined negative rule; company remains covered for further financial review,61
ICICIGI,pro,PRO_05,Operating profit margin above 25% indicates strong pricing power and cost discipline,100
ICICIGI,pro,PRO_07,Very high interest coverage ratio reflects negligible financial stress from debt servicing,100
ICICIPRULI,con,FALLBACK_CON,Available financial data did not trigger a specific predefined negative rule; company remains covered for further financial review,61
ICICIPRULI,pro,PRO_05,Operating profit margin above 25% indicates strong pricing power and cost discipline,100
ICICIPRULI,pro,PRO_07,Very high interest coverage ratio reflects negligible financial stress from debt servicing,100
ICICIPRULI,pro,PRO_04,Revenue growing at above 15% CAGR over 5 years reflects strong business momentum,69
INDIGO,con,FALLBACK_CON,Available financial data did not trigger a specific predefined negative rule; company remains covered for further financial review,61
INDIGO,pro,PRO_05,Operating profit margin above 25% indicates strong pricing power and cost discipline,100
INDIGO,pro,PRO_06,Net profit compounding at above 20% over 5 years creates significant shareholder value,100
INDIGO,pro,PRO_07,Very high interest coverage ratio reflects negligible financial stress from debt servicing,100
INDIGO,pro,PRO_09,Earnings per share growing above 15% CAGR indicates strong earnings quality and compounding,100
INDIGO,pro,PRO_11,Revenue growing slower than profits shows improving operating leverage and scale benefits,100
INDIGO,pro,PRO_04,Revenue growing at above 15% CAGR over 5 years reflects strong business momentum,75
INDUSINDBK,con,CON_01,Debt-to-equity ratio of 6.89 is elevated for a non-financial company and warrants monitoring,100
INDUSINDBK,con,CON_11,Net debt exceeding 3 times EBITDA is a high leverage ratio and limits financial flexibility,100
INDUSINDBK,con,CON_10,Return on capital employed below 10% suggests the business is not generating sufficient returns on invested capital,99
INDUSINDBK,pro,PRO_05,Operating profit margin above 25% indicates strong pricing power and cost discipline,84
INDUSINDBK,pro,PRO_11,Revenue growing slower than profits shows improving operating leverage and scale benefits,83
INDUSINDBK,pro,PRO_06,Net profit compounding at above 20% over 5 years creates significant shareholder value,69
INDUSINDBK,pro,PRO_09,Earnings per share growing above 15% CAGR indicates strong earnings quality and compounding,67
INDUSINDBK,pro,PRO_04,Revenue growing at above 15% CAGR over 5 years reflects strong business momentum,66
INFY,con,FALLBACK_CON,Available financial data did not trigger a specific predefined negative rule; company remains covered for further financial review,61
INFY,pro,PRO_07,Very high interest coverage ratio reflects negligible financial stress from debt servicing,100
IOC,con,FALLBACK_CON,Available financial data did not trigger a specific predefined negative rule; company remains covered for further financial review,61
IOC,pro,PRO_11,Revenue growing slower than profits shows improving operating leverage and scale benefits,94
IOC,pro,PRO_09,Earnings per share growing above 15% CAGR indicates strong earnings quality and compounding,77
IOC,pro,PRO_07,Very high interest coverage ratio reflects negligible financial stress from debt servicing,66
IOC,pro,PRO_06,Net profit compounding at above 20% over 5 years creates significant shareholder value,65
IRCTC,con,FALLBACK_CON,Available financial data did not trigger a specific predefined negative rule; company remains covered for further financial review,61
IRCTC,pro,PRO_07,Very high interest coverage ratio reflects negligible financial stress from debt servicing,100
IRCTC,pro,PRO_09,Earnings per share growing above 15% CAGR indicates strong earnings quality and compounding,96
IRCTC,pro,PRO_11,Revenue growing slower than profits shows improving operating leverage and scale benefits,92
IRCTC,pro,PRO_06,Net profit compounding at above 20% over 5 years creates significant shareholder value,81
IRCTC,pro,PRO_05,Operating profit margin above 25% indicates strong pricing power and cost discipline,78
IRCTC,pro,PRO_04,Revenue growing at above 15% CAGR over 5 years reflects strong business momentum,72
IRFC,con,CON_01,Debt-to-equity ratio of 8.38 is elevated for a non-financial company and warrants monitoring,100
IRFC,con,CON_11,Net debt exceeding 3 times EBITDA is a high leverage ratio and limits financial flexibility,100
IRFC,con,CON_10,Return on capital employed below 10% suggests the business is not generating sufficient returns on invested capital,93
IRFC,con,CON_06,Interest coverage ratio below 1.5x indicates the company is at risk of not meeting its debt obligations,83
IRFC,pro,PRO_05,Operating profit margin above 25% indicates strong pricing power and cost discipline,100
IRFC,pro,PRO_11,Revenue growing slower than profits shows improving operating leverage and scale benefits,78
IRFC,pro,PRO_09,Earnings per share growing above 15% CAGR indicates strong earnings quality and compounding,77
IRFC,pro,PRO_04,Revenue growing at above 15% CAGR over 5 years reflects strong business momentum,74
IRFC,pro,PRO_06,Net profit compounding at above 20% over 5 years creates significant shareholder value,71
ITC,con,FALLBACK_CON,Available financial data did not trigger a specific predefined negative rule; company remains covered for further financial review,61
ITC,pro,PRO_07,Very high interest coverage ratio reflects negligible financial stress from debt servicing,100
ITC,pro,PRO_05,Operating profit margin above 25% indicates strong pricing power and cost discipline,82
ITC,pro,PRO_11,Revenue growing slower than profits shows improving operating leverage and scale benefits,74
JINDALSTEL,con,CON_12,Revenue growing at below 5% over 5 years lags inflation and suggests limited business momentum,94
JINDALSTEL,pro,FALLBACK_PRO,Available financial data did not trigger a specific predefined positive rule; company remains covered for further financial review,61
JIOFIN,con,CON_10,Return on capital employed below 10% suggests the business is not generating sufficient returns on invested capital,100
JIOFIN,pro,PRO_05,Operating profit margin above 25% indicates strong pricing power and cost discipline,100
JIOFIN,pro,PRO_03,Debt-free balance sheet provides financial flexibility and eliminates interest burden,95
JIOFIN,pro,PRO_07,Very high interest coverage ratio reflects negligible financial stress from debt servicing,95
JSWENERGY,con,CON_11,Net debt exceeding 3 times EBITDA is a high leverage ratio and limits financial flexibility,83
JSWENERGY,con,CON_12,Revenue growing at below 5% over 5 years lags inflation and suggests limited business momentum,81
JSWENERGY,pro,PRO_11,Revenue growing slower than profits shows improving operating leverage and scale benefits,100
JSWENERGY,pro,PRO_05,Operating profit margin above 25% indicates strong pricing power and cost discipline,96
JSWENERGY,pro,PRO_09,Earnings per share growing above 15% CAGR indicates strong earnings quality and compounding,77
JSWENERGY,pro,PRO_06,Net profit compounding at above 20% over 5 years creates significant shareholder value,66
JSWSTEEL,con,FALLBACK_CON,Available financial data did not trigger a specific predefined negative rule; company remains covered for further financial review,61
JSWSTEEL,pro,PRO_04,Revenue growing at above 15% CAGR over 5 years reflects strong business momentum,66
KOTAKBANK,con,CON_11,Net debt exceeding 3 times EBITDA is a high leverage ratio and limits financial flexibility,92
KOTAKBANK,con,CON_10,Return on capital employed below 10% suggests the business is not generating sufficient returns on invested capital,88
KOTAKBANK,con,CON_01,Debt-to-equity ratio of 4.00 is elevated for a non-financial company and warrants monitoring,86
KOTAKBANK,con,CON_06,Interest coverage ratio below 1.5x indicates the company is at risk of not meeting its debt obligations,84
KOTAKBANK,pro,PRO_05,Operating profit margin above 25% indicates strong pricing power and cost discipline,100
KOTAKBANK,pro,PRO_11,Revenue growing slower than profits shows improving operating leverage and scale benefits,84
KOTAKBANK,pro,PRO_09,Earnings per share growing above 15% CAGR indicates strong earnings quality and compounding,75
KOTAKBANK,pro,PRO_06,Net profit compounding at above 20% over 5 years creates significant shareholder value,66
LICI,con,FALLBACK_CON,Available financial data did not trigger a specific predefined negative rule; company remains covered for further financial review,61
LICI,pro,PRO_06,Net profit compounding at above 20% over 5 years creates significant shareholder value,100
LICI,pro,PRO_11,Revenue growing slower than profits shows improving operating leverage and scale benefits,100
LICI,pro,PRO_03,Debt-free balance sheet provides financial flexibility and eliminates interest burden,95
LICI,pro,PRO_07,Very high interest coverage ratio reflects negligible financial stress from debt servicing,95
LODHA,con,CON_12,Revenue growing at below 5% over 5 years lags inflation and suggests limited business momentum,100
LODHA,pro,PRO_11,Revenue growing slower than profits shows improving operating leverage and scale benefits,73
LODHA,pro,PRO_05,Operating profit margin above 25% indicates strong pricing power and cost discipline,66
LT,con,FALLBACK_CON,Available financial data did not trigger a specific predefined negative rule; company remains covered for further financial review,61
LT,pro,FALLBACK_PRO,Available financial data did not trigger a specific predefined positive rule; company remains covered for further financial review,61
LTIM,con,FALLBACK_CON,Available financial data did not trigger a specific predefined negative rule; company remains covered for further financial review,61
LTIM,pro,PRO_04,Revenue growing at above 15% CAGR over 5 years reflects strong business momentum,100
LTIM,pro,PRO_07,Very high interest coverage ratio reflects negligible financial stress from debt servicing,100
LTIM,pro,PRO_06,Net profit compounding at above 20% over 5 years creates significant shareholder value,73
M&M,con,FALLBACK_CON,Available financial data did not trigger a specific predefined negative rule; company remains covered for further financial review,61
M&M,pro,PRO_11,Revenue growing slower than profits shows improving operating leverage and scale benefits,89
M&M,pro,PRO_09,Earnings per share growing above 15% CAGR indicates strong earnings quality and compounding,68
MARUTI,con,FALLBACK_CON,Available financial data did not trigger a specific predefined negative rule; company remains covered for further financial review,61
MARUTI,pro,PRO_07,Very high interest coverage ratio reflects negligible financial stress from debt servicing,100
MARUTI,pro,PRO_11,Revenue growing slower than profits shows improving operating leverage and scale benefits,73
MOTHERSON,con,FALLBACK_CON,Available financial data did not trigger a specific predefined negative rule; company remains covered for further financial review,61
MOTHERSON,pro,FALLBACK_PRO,Available financial data did not trigger a specific predefined positive rule; company remains covered for further financial review,61
NAUKRI,con,CON_10,Return on capital employed below 10% suggests the business is not generating sufficient returns on invested capital,100
NAUKRI,pro,PRO_07,Very high interest coverage ratio reflects negligible financial stress from debt servicing,100
NAUKRI,pro,PRO_04,Revenue growing at above 15% CAGR over 5 years reflects strong business momentum,70
NAUKRI,pro,PRO_05,Operating profit margin above 25% indicates strong pricing power and cost discipline,69
NESTLEIND,con,FALLBACK_CON,Available financial data did not trigger a specific predefined negative rule; company remains covered for further financial review,61
NESTLEIND,pro,PRO_07,Very high interest coverage ratio reflects negligible financial stress from debt servicing,100
NESTLEIND,pro,PRO_11,Revenue growing slower than profits shows improving operating leverage and scale benefits,71
NESTLEIND,pro,PRO_09,Earnings per share growing above 15% CAGR indicates strong earnings quality and compounding,66
NHPC,con,CON_12,Revenue growing at below 5% over 5 years lags inflation and suggests limited business momentum,94
NHPC,con,CON_11,Net debt exceeding 3 times EBITDA is a high leverage ratio and limits financial flexibility,91
NHPC,con,CON_10,Return on capital employed below 10% suggests the business is not generating sufficient returns on invested capital,90
NHPC,pro,PRO_05,Operating profit margin above 25% indicates strong pricing power and cost discipline,100
NHPC,pro,PRO_11,Revenue growing slower than profits shows improving operating leverage and scale benefits,82
NHPC,pro,PRO_07,Very high interest coverage ratio reflects negligible financial stress from debt servicing,69
NTPC,con,CON_11,Net debt exceeding 3 times EBITDA is a high leverage ratio and limits financial flexibility,81
NTPC,pro,PRO_05,Operating profit margin above 25% indicates strong pricing power and cost discipline,70
ONGC,con,FALLBACK_CON,Available financial data did not trigger a specific predefined negative rule; company remains covered for further financial review,61
ONGC,pro,PRO_11,Revenue growing slower than profits shows improving operating leverage and scale benefits,78
ONGC,pro,PRO_07,Very high interest coverage ratio reflects negligible financial stress from debt servicing,70
PFC,con,CON_01,Debt-to-equity ratio of 8.52 is elevated for a non-financial company and warrants monitoring,100
PFC,con,CON_10,Return on capital employed below 10% suggests the business is not generating sufficient returns on invested capital,100
PFC,con,CON_11,Net debt exceeding 3 times EBITDA is a high leverage ratio and limits financial flexibility,100
PFC,con,CON_06,Interest coverage ratio below 1.5x indicates the company is at risk of not meeting its debt obligations,94
PFC,pro,PRO_05,Operating profit margin above 25% indicates strong pricing power and cost discipline,81
PFC,pro,PRO_11,Revenue growing slower than profits shows improving operating leverage and scale benefits,80
PIDILITIND,con,FALLBACK_CON,Available financial data did not trigger a specific predefined negative rule; company remains covered for further financial review,61
PIDILITIND,pro,PRO_07,Very high interest coverage ratio reflects negligible financial stress from debt servicing,100
PIDILITIND,pro,PRO_11,Revenue growing slower than profits shows improving operating leverage and scale benefits,73
PNB,con,CON_01,Debt-to-equity ratio of 3.68 is elevated for a non-financial company and warrants monitoring,83
PNB,pro,PRO_04,Revenue growing at above 15% CAGR over 5 years reflects strong business momentum,67
POWERGRID,con,FALLBACK_CON,Available financial data did not trigger a specific predefined negative rule; company remains covered for further financial review,61
POWERGRID,pro,PRO_05,Operating profit margin above 25% indicates strong pricing power and cost discipline,100
POWERGRID,pro,PRO_11,Revenue growing slower than profits shows improving operating leverage and scale benefits,77
RECLTD,con,CON_01,Debt-to-equity ratio of 6.42 is elevated for a non-financial company and warrants monitoring,100
RECLTD,con,CON_11,Net debt exceeding 3 times EBITDA is a high leverage ratio and limits financial flexibility,100
RECLTD,con,CON_10,Return on capital employed below 10% suggests the business is not generating sufficient returns on invested capital,82
RECLTD,pro,PRO_05,Operating profit margin above 25% indicates strong pricing power and cost discipline,100
RECLTD,pro,PRO_11,Revenue growing slower than profits shows improving operating leverage and scale benefits,83
RECLTD,pro,PRO_09,Earnings per share growing above 15% CAGR indicates strong earnings quality and compounding,76
RELIANCE,con,FALLBACK_CON,Available financial data did not trigger a specific predefined negative rule; company remains covered for further financial review,61
RELIANCE,pro,PRO_11,Revenue growing slower than profits shows improving operating leverage and scale benefits,80
SBILIFE,con,CON_10,Return on capital employed below 10% suggests the business is not generating sufficient returns on invested capital,100
SBILIFE,pro,PRO_03,Debt-free balance sheet provides financial flexibility and eliminates interest burden,95
SBILIFE,pro,PRO_07,Very high interest coverage ratio reflects negligible financial stress from debt servicing,95
SBILIFE,pro,PRO_04,Revenue growing at above 15% CAGR over 5 years reflects strong business momentum,87
SBIN,con,FALLBACK_CON,Available financial data did not trigger a specific predefined negative rule; company remains covered for further financial review,61
SBIN,pro,FALLBACK_PRO,Available financial data did not trigger a specific predefined positive rule; company remains covered for further financial review,61
SHREECEM,con,FALLBACK_CON,Available financial data did not trigger a specific predefined negative rule; company remains covered for further financial review,61
SHREECEM,pro,PRO_07,Very high interest coverage ratio reflects negligible financial stress from debt servicing,99
SHREECEM,pro,PRO_11,Revenue growing slower than profits shows improving operating leverage and scale benefits,72
SHRIRAMFIN,con,CON_11,Net debt exceeding 3 times EBITDA is a high leverage ratio and limits financial flexibility,100
SHRIRAMFIN,con,CON_10,Return on capital employed below 10% suggests the business is not generating sufficient returns on invested capital,97
SHRIRAMFIN,con,CON_06,Interest coverage ratio below 1.5x indicates the company is at risk of not meeting its debt obligations,92
SHRIRAMFIN,con,CON_01,Debt-to-equity ratio of 3.99 is elevated for a non-financial company and warrants monitoring,86
SHRIRAMFIN,pro,PRO_11,Revenue growing slower than profits shows improving operating leverage and scale benefits,80
SHRIRAMFIN,pro,PRO_04,Revenue growing at above 15% CAGR over 5 years reflects strong business momentum,73
SHRIRAMFIN,pro,PRO_06,Net profit compounding at above 20% over 5 years creates significant shareholder value,71
SHRIRAMFIN,pro,PRO_05,Operating profit margin above 25% indicates strong pricing power and cost discipline,70
SIEMENS,con,FALLBACK_CON,Available financial data did not trigger a specific predefined negative rule; company remains covered for further financial review,61
SIEMENS,pro,PRO_07,Very high interest coverage ratio reflects negligible financial stress from debt servicing,100
SIEMENS,pro,PRO_11,Revenue growing slower than profits shows improving operating leverage and scale benefits,87
SIEMENS,pro,PRO_09,Earnings per share growing above 15% CAGR indicates strong earnings quality and compounding,76
SUNPHARMA,con,FALLBACK_CON,Available financial data did not trigger a specific predefined negative rule; company remains covered for further financial review,61
SUNPHARMA,pro,PRO_07,Very high interest coverage ratio reflects negligible financial stress from debt servicing,100
SUNPHARMA,pro,PRO_09,Earnings per share growing above 15% CAGR indicates strong earnings quality and compounding,99
SUNPHARMA,pro,PRO_11,Revenue growing slower than profits shows improving operating leverage and scale benefits,98
SUNPHARMA,pro,PRO_06,Net profit compounding at above 20% over 5 years creates significant shareholder value,73
SUNPHARMA,pro,PRO_05,Operating profit margin above 25% indicates strong pricing power and cost discipline,68
TATACONSUM,con,FALLBACK_CON,Available financial data did not trigger a specific predefined negative rule; company remains covered for further financial review,61
TATACONSUM,pro,PRO_07,Very high interest coverage ratio reflects negligible financial stress from debt servicing,100
TATACONSUM,pro,PRO_11,Revenue growing slower than profits shows improving operating leverage and scale benefits,81
TATACONSUM,pro,PRO_06,Net profit compounding at above 20% over 5 years creates significant shareholder value,68
TATACONSUM,pro,PRO_04,Revenue growing at above 15% CAGR over 5 years reflects strong business momentum,67
TATAMOTORS,con,FALLBACK_CON,Available financial data did not trigger a specific predefined negative rule; company remains covered for further financial review,61
TATAMOTORS,pro,FALLBACK_PRO,Available financial data did not trigger a specific predefined positive rule; company remains covered for further financial review,61
TATAPOWER,con,FALLBACK_CON,Available financial data did not trigger a specific predefined negative rule; company remains covered for further financial review,61
TATAPOWER,pro,PRO_04,Revenue growing at above 15% CAGR over 5 years reflects strong business momentum,66
TATASTEEL,con,FALLBACK_CON,Available financial data did not trigger a specific predefined negative rule; company remains covered for further financial review,61
TATASTEEL,pro,FALLBACK_PRO,Available financial data did not trigger a specific predefined positive rule; company remains covered for further financial review,61
TCS,con,FALLBACK_CON,Available financial data did not trigger a specific predefined negative rule; company remains covered for further financial review,61
TCS,pro,PRO_07,Very high interest coverage ratio reflects negligible financial stress from debt servicing,100
TCS,pro,PRO_05,Operating profit margin above 25% indicates strong pricing power and cost discipline,67
TECHM,con,CON_07,"Dividend payout ratio above 100% means the company is paying dividends from reserves, which is unsustainable",100
TECHM,pro,PRO_07,Very high interest coverage ratio reflects negligible financial stress from debt servicing,79
TITAN,con,FALLBACK_CON,Available financial data did not trigger a specific predefined negative rule; company remains covered for further financial review,61
TITAN,pro,PRO_04,Revenue growing at above 15% CAGR over 5 years reflects strong business momentum,79
TITAN,pro,PRO_09,Earnings per share growing above 15% CAGR indicates strong earnings quality and compounding,76
TITAN,pro,PRO_06,Net profit compounding at above 20% over 5 years creates significant shareholder value,65
TORNTPHARM,con,FALLBACK_CON,Available financial data did not trigger a specific predefined negative rule; company remains covered for further financial review,61
TORNTPHARM,pro,PRO_09,Earnings per share growing above 15% CAGR indicates strong earnings quality and compounding,100
TORNTPHARM,pro,PRO_11,Revenue growing slower than profits shows improving operating leverage and scale benefits,100
TORNTPHARM,pro,PRO_06,Net profit compounding at above 20% over 5 years creates significant shareholder value,84
TORNTPHARM,pro,PRO_05,Operating profit margin above 25% indicates strong pricing power and cost discipline,74
TRENT,con,FALLBACK_CON,Available financial data did not trigger a specific predefined negative rule; company remains covered for further financial review,61
TRENT,pro,PRO_04,Revenue growing at above 15% CAGR over 5 years reflects strong business momentum,100
TRENT,pro,PRO_06,Net profit compounding at above 20% over 5 years creates significant shareholder value,100
TRENT,pro,PRO_09,Earnings per share growing above 15% CAGR indicates strong earnings quality and compounding,100
TRENT,pro,PRO_11,Revenue growing slower than profits shows improving operating leverage and scale benefits,100
TVSMOTOR,con,CON_01,Debt-to-equity ratio of 3.83 is elevated for a non-financial company and warrants monitoring,85
TVSMOTOR,con,CON_11,Net debt exceeding 3 times EBITDA is a high leverage ratio and limits financial flexibility,82
TVSMOTOR,pro,PRO_11,Revenue growing slower than profits shows improving operating leverage and scale benefits,81
TVSMOTOR,pro,PRO_09,Earnings per share growing above 15% CAGR indicates strong earnings quality and compounding,75
